Subject,Start Date,Start Time,End Date,End Time,All Day Event,Description
Pambula Club to Pub,09/26/2026,,09/26/2026,,True,Pambula
Burley Griffin Gift (Canberra),10/03/2026,,10/03/2026,,True,Broulee
Central Coast/Hunter Boat Series Rd 1,10/17/2026,,10/17/2026,,True,Ocean Beach
Far South Coast Boat Series TBC,10/17/2026,,10/17/2026,,True,Far South Coast Boat Series
Sydney Boat Series Rd 1,10/24/2026,,10/24/2026,,True,Wanda
Central Coast/Hunter Boat Series Rd 2,10/31/2026,,10/31/2026,,True,Avoca
South Coast Boat Series Rd 1 & 2,10/31/2026,,11/01/2026,,True,Mollymook
SNB Boat Series Rd 1,11/07/2026,,11/07/2026,,True,Freshwater
North Coast Boat Series Rds 1 & 2,11/07/2026,,11/08/2026,,True,Cudgen
Central Coast/Hunter Boat Series Rd 3,11/14/2026,,11/14/2026,,True,Redhead
Sydney Boat Series Rd 2,11/14/2026,,11/14/2026,,True,Sth Maroubra
Sth Coast Boat Series Rd 3 - State Selection 1 Open & Res,11/21/2026,,11/22/2026,,True,Wollongong City
Sth Coast Boat Series Rd 3 - State Selection 1 U19's & U23's,11/21/2026,,11/22/2026,,True,Wollongong City
North Coast Boat Series Rds 3&4 and Central Coast/Hunter Boat Series Rds 4&5,11/28/2026,,11/29/2026,,True,Forster
Nth Cronulla Christmas Carnival - Sydney Boat Series R3 State Selection 2 Open & U23's,12/05/2026,,12/05/2026,,True,Nth Cronulla
Nth Cronulla Christmas Carnival - Sydney Boat Series R3 State Selection 2 Res & U19's,12/06/2026,,12/06/2026,,True,Nth Cronulla
National Selections & National Short Course,12/11/2026,,12/13/2026,,True,Woolgoolga
George Bass Surfboat & Ski Marathon,12/28/2026,,01/02/2027,,True,Batemans Bay
SNB Boat Series Rd 2,01/09/2027,,01/09/2027,,True,North Steyne
North Coast Boat Series Rd 5,01/16/2027,,01/16/2027,,True,TBC
SNB Boat Series Rd 3 Opens & Reserves - State Selection 3,01/23/2027,,01/23/2027,,True,Collaroy
SNB Boat Series Rd 4 Young Guns U19s & U23s - State Selection 3,01/24/2027,,01/24/2027,,True,Collaroy
North Coast Boat Series Rd 6,01/30/2027,,01/30/2027,,True,Coffs Harbour
Central Coast/Hunter Boat Series Rd 6 & Central Coast Branch Championships,01/30/2027,,01/30/2027,,True,Soldiers Beach
SNB Boat Series Rd 4 & Branch Championships,01/30/2027,,01/30/2027,,True,Queenscliff
Sydney Branch Championships,02/06/2027,,02/06/2027,,True,TBC
Interstate & ASRL Open Championships,02/11/2027,,02/14/2027,,True,Wanda
SLSNSW Surf Boat Championships,02/27/2027,,02/28/2027,,True,Swansea Belmont
South Coast Boat Series Rd 4,03/06/2027,,03/07/2027,,True,Shellharbour
Central Coast/Hunter Boat Series Rd 7 & Hunter Branch Championships,03/13/2027,,03/13/2027,,True,Stockton
North Coast Boat Series Final,03/13/2027,,03/13/2027,,True,Scotts Head
NSW Metropolitan / Regional Championships,03/20/2027,,03/20/2027,,True,Ocean Beach
NSW Interseries Championships,03/21/2027,,03/21/2027,,True,Ocean Beach
Central Coast/Hunter Boat Series Rd 8,04/03/2027,,04/03/2027,,True,Terrigal
SNB Boat Series Rd 5,04/03/2027,,04/03/2027,,True,Palm Beach
South Coast Boat Series,04/03/2027,,04/03/2027,,True,TBC
Aussies Surf Boat Championships,04/14/2027,,04/18/2027,,True,Alexandra Headland
